time,y
1,101.825620012859
4,103.160687679173
7,99.480018421134
10,103.250160603005
13,106.4686960305
16,108.53795352786
19,104.757755222242
22,106.775935414875
25,109.890660287089
28,112.054444086855
31,110.417390469473
34,110.385630010182
37,116.604169684426
40,114.831323528769
43,114.208503236351
46,116.827106270076
49,122.084346316563
52,122.457560841384
55,117.189295240422
58,120.93987503771
61,125.070751413257
